{
  "version": "0.1",
  "generated_at": "2025-12-05T20:50:51.969985Z",
  "seed": 42,
  "models": {
    "LogisticRegression": {
      "accuracy": 1.0,
      "precision": 1.0,
      "recall": 1.0,
      "f1": 1.0,
      "roc_auc": 1.0,
      "pr_auc": 0.9999999999999999,
      "brier_score": 4.5544441709764896e-07,
      "n_train": 11517,
      "n_test": 3840,
      "train_time_seconds": 0.036621809005737305,
      "model_path": "analysis_outputs/curated_clean/models/LogisticRegression.pkl"
    },
    "RandomForest": {
      "accuracy": 1.0,
      "precision": 1.0,
      "recall": 1.0,
      "f1": 1.0,
      "roc_auc": 1.0,
      "pr_auc": 1.0,
      "brier_score": 2.591145833333337e-06,
      "n_train": 11517,
      "n_test": 3840,
      "train_time_seconds": 0.5502212047576904,
      "model_path": "analysis_outputs/curated_clean/models/RandomForest.pkl"
    },
    "GradientBoosting": {
      "accuracy": 1.0,
      "precision": 1.0,
      "recall": 1.0,
      "f1": 1.0,
      "roc_auc": 1.0,
      "pr_auc": 1.0,
      "brier_score": 1.6746270925947057e-16,
      "n_train": 11517,
      "n_test": 3840,
      "train_time_seconds": 0.5447797775268555,
      "model_path": "analysis_outputs/curated_clean/models/GradientBoosting.pkl"
    }
  },
  "calibration": {
    "bins": [
      [
        0.0,
        0.1
      ],
      [
        0.1,
        0.2
      ],
      [
        0.2,
        0.30000000000000004
      ],
      [
        0.30000000000000004,
        0.4
      ],
      [
        0.4,
        0.5
      ],
      [
        0.5,
        0.6000000000000001
      ],
      [
        0.6000000000000001,
        0.7000000000000001
      ],
      [
        0.7000000000000001,
        0.8
      ],
      [
        0.8,
        0.9
      ],
      [
        0.9,
        1.0
      ]
    ],
    "predicted": [
      0.0006710533551179651,
      0.0,
      0.0,
      0.0,
      0.0,
      0.0,
      0.0,
      0.0,
      0.0,
      0.999329268348873
    ],
    "observed": [
      0.0,
      0.0,
      0.0,
      0.0,
      0.0,
      0.0,
      0.0,
      0.0,
      0.0,
      1.0
    ]
  }
}