{
  "best_model": "RandomForest",
  "best_auc": 0.5999891068784764,
  "results": {
    "LogisticRegression": {
      "accuracy": 0.521484375,
      "precision": 0.5229759299781181,
      "recall": 0.46771037181996084,
      "f1": 0.493801652892562,
      "roc_auc": 0.512949886978566,
      "pr_auc": 0.49445169803615835,
      "train_time": 0.060056209564208984
    },
    "RandomForest": {
      "accuracy": 0.5654296875,
      "precision": 0.5678082191780822,
      "recall": 0.5407697325505545,
      "f1": 0.5539592382225192,
      "roc_auc": 0.5999891068784764,
      "pr_auc": 0.6061963198947175,
      "train_time": 0.9473328590393066
    },
    "GradientBoosting": {
      "accuracy": 0.5576171875,
      "precision": 0.5783783783783784,
      "recall": 0.4187866927592955,
      "f1": 0.4858115777525539,
      "roc_auc": 0.5743866685146826,
      "pr_auc": 0.5744912020639316,
      "train_time": 0.7624030113220215
    }
  },
  "generated_at": "2025-12-05T21:06:41.739558Z",
  "seed": 42,
  "n_train": 12285,
  "n_test": 3072
}