{
  "best_model": "RandomForest",
  "best_auc": 0.5545046039037894,
  "results": {
    "LogisticRegression": {
      "accuracy": 0.7269585253456221,
      "precision": 0.0,
      "recall": 0.0,
      "f1": 0.0,
      "roc_auc": 0.5468949561007576,
      "pr_auc": 0.6435269381621134,
      "train_time": 0.06023907661437988
    },
    "RandomForest": {
      "accuracy": 0.7292626728110599,
      "precision": 1.0,
      "recall": 0.008438818565400843,
      "f1": 0.016736401673640166,
      "roc_auc": 0.5545046039037894,
      "pr_auc": 0.6503636878896656,
      "train_time": 0.3154921531677246
    },
    "GradientBoosting": {
      "accuracy": 0.7292626728110599,
      "precision": 1.0,
      "recall": 0.008438818565400843,
      "f1": 0.016736401673640166,
      "roc_auc": 0.5545046039037894,
      "pr_auc": 0.6503636878896656,
      "train_time": 0.23316621780395508
    }
  },
  "generated_at": "2025-12-06T09:06:03.412013Z",
  "seed": 42,
  "n_train": 3471,
  "n_test": 868
}